Observation id,Observation date,Description,Media file,Total length,FPS,Subject,Behavior,Behavioral category,Modifiers,Behavior type,Start (s),Stop (s),Duration (s),Comment start,Comment stop
0425-2-win-2-topview-new,2024-10-03 18:47:35,,/Volumes/Tong Shen/8maze in vivo recording/0425-2/win-2/240718 0425-2 top standardization tagged.mp4,4315.07,30.0,No focal subject,H,,,STATE,0.033,122.2,122.167,,
0425-2-win-2-topview-new,2024-10-03 18:47:35,,/Volumes/Tong Shen/8maze in vivo recording/0425-2/win-2/240718 0425-2 top standardization tagged.mp4,4315.07,30.0,No focal subject,f,,,POINT,60.767,60.767,,,
0425-2-win-2-topview-new,2024-10-03 18:47:35,,/Volumes/Tong Shen/8maze in vivo recording/0425-2/win-2/240718 0425-2 top standardization tagged.mp4,4315.07,30.0,No focal subject,f,,,POINT,66.9,66.9,,,
0425-2-win-2-topview-new,2024-10-03 18:47:35,,/Volumes/Tong Shen/8maze in vivo recording/0425-2/win-2/240718 0425-2 top standardization tagged.mp4,4315.07,30.0,No focal subject,f,,,POINT,69.8,69.8,,,
0425-2-win-2-topview-new,2024-10-03 18:47:35,,/Volumes/Tong Shen/8maze in vivo recording/0425-2/win-2/240718 0425-2 top standardization tagged.mp4,4315.07,30.0,No focal subject,f,,,POINT,72.133,72.133,,,
0425-2-win-2-topview-new,2024-10-03 18:47:35,,/Volumes/Tong Shen/8maze in vivo recording/0425-2/win-2/240718 0425-2 top standardization tagged.mp4,4315.07,30.0,No focal subject,t,,,POINT,122.2,122.2,,,
,,,,,,,q,,,,281.433,,,,
0425-2-win-2-topview-new,2024-10-03 18:47:35,,/Volumes/Tong Shen/8maze in vivo recording/0425-2/win-2/240718 0425-2 top standardization tagged.mp4,4315.07,30.0,No focal subject,g,,,POINT,289.433,289.433,,,
0425-2-win-2-topview-new,2024-10-03 18:47:35,,/Volumes/Tong Shen/8maze in vivo recording/0425-2/win-2/240718 0425-2 top standardization tagged.mp4,4315.07,30.0,No focal subject,v,,,POINT,293.333,293.333,,,
0425-2-win-2-topview-new,2024-10-03 18:47:35,,/Volumes/Tong Shen/8maze in vivo recording/0425-2/win-2/240718 0425-2 top standardization tagged.mp4,4315.07,30.0,No focal subject,t,,,POINT,308.067,308.067,,,
0425-2-win-2-topview-new,2024-10-03 18:47:35,,/Volumes/Tong Shen/8maze in vivo recording/0425-2/win-2/240718 0425-2 top standardization tagged.mp4,4315.07,30.0,No focal subject,E,,,STATE,319.3,324.733,5.433,,
0425-2-win-2-topview-new,2024-10-03 18:47:35,,/Volumes/Tong Shen/8maze in vivo recording/0425-2/win-2/240718 0425-2 top standardization tagged.mp4,4315.07,30.0,No focal subject,E,,,STATE,338.067,374.867,36.8,,
0425-2-win-2-topview-new,2024-10-03 18:47:35,,/Volumes/Tong Shen/8maze in vivo recording/0425-2/win-2/240718 0425-2 top standardization tagged.mp4,4315.07,30.0,No focal subject,E,,,STATE,378.667,385.4,6.733,,
0425-2-win-2-topview-new,2024-10-03 18:47:35,,/Volumes/Tong Shen/8maze in vivo recording/0425-2/win-2/240718 0425-2 top standardization tagged.mp4,4315.07,30.0,No focal subject,E,,,STATE,397.0,438.767,41.767,,
0425-2-win-2-topview-new,2024-10-03 18:47:35,,/Volumes/Tong Shen/8maze in vivo recording/0425-2/win-2/240718 0425-2 top standardization tagged.mp4,4315.07,30.0,No focal subject,E,,,STATE,657.033,676.467,19.434,,
0425-2-win-2-topview-new,2024-10-03 18:47:35,,/Volumes/Tong Shen/8maze in vivo recording/0425-2/win-2/240718 0425-2 top standardization tagged.mp4,4315.07,30.0,No focal subject,E,,,STATE,699.833,759.2,59.367,,
0425-2-win-2-topview-new,2024-10-03 18:47:35,,/Volumes/Tong Shen/8maze in vivo recording/0425-2/win-2/240718 0425-2 top standardization tagged.mp4,4315.07,30.0,No focal subject,E,,,STATE,771.967,870.667,98.7,,
0425-2-win-2-topview-new,2024-10-03 18:47:35,,/Volumes/Tong Shen/8maze in vivo recording/0425-2/win-2/240718 0425-2 top standardization tagged.mp4,4315.07,30.0,No focal subject,E,,,STATE,885.267,981.033,95.766,,
,,,,,,,i,,,,1097.5,,,,
0425-2-win-2-topview-new,2024-10-03 18:47:35,,/Volumes/Tong Shen/8maze in vivo recording/0425-2/win-2/240718 0425-2 top standardization tagged.mp4,4315.07,30.0,No focal subject,w,,,POINT,1097.867,1097.867,,,
0425-2-win-2-topview-new,2024-10-03 18:47:35,,/Volumes/Tong Shen/8maze in vivo recording/0425-2/win-2/240718 0425-2 top standardization tagged.mp4,4315.07,30.0,No focal subject,E,,,STATE,1100.767,1116.867,16.1,,
0425-2-win-2-topview-new,2024-10-03 18:47:35,,/Volumes/Tong Shen/8maze in vivo recording/0425-2/win-2/240718 0425-2 top standardization tagged.mp4,4315.07,30.0,No focal subject,c,,,POINT,1119.733,1119.733,,,
0425-2-win-2-topview-new,2024-10-03 18:47:35,,/Volumes/Tong Shen/8maze in vivo recording/0425-2/win-2/240718 0425-2 top standardization tagged.mp4,4315.07,30.0,No focal subject,t,,,POINT,1129.4,1129.4,,,
,,,,,,,q,,,,1222.0,,,,
0425-2-win-2-topview-new,2024-10-03 18:47:35,,/Volumes/Tong Shen/8maze in vivo recording/0425-2/win-2/240718 0425-2 top standardization tagged.mp4,4315.07,30.0,No focal subject,g,,,POINT,1222.333,1222.333,,,
0425-2-win-2-topview-new,2024-10-03 18:47:35,,/Volumes/Tong Shen/8maze in vivo recording/0425-2/win-2/240718 0425-2 top standardization tagged.mp4,4315.07,30.0,No focal subject,v,,,POINT,1236.667,1236.667,,,
0425-2-win-2-topview-new,2024-10-03 18:47:35,,/Volumes/Tong Shen/8maze in vivo recording/0425-2/win-2/240718 0425-2 top standardization tagged.mp4,4315.07,30.0,No focal subject,t,,,POINT,1266.2,1266.2,,,
,,,,,,,q,,,,1296.267,,,,
0425-2-win-2-topview-new,2024-10-03 18:47:35,,/Volumes/Tong Shen/8maze in vivo recording/0425-2/win-2/240718 0425-2 top standardization tagged.mp4,4315.07,30.0,No focal subject,g,,,POINT,1296.567,1296.567,,,
0425-2-win-2-topview-new,2024-10-03 18:47:35,,/Volumes/Tong Shen/8maze in vivo recording/0425-2/win-2/240718 0425-2 top standardization tagged.mp4,4315.07,30.0,No focal subject,v,,,POINT,1299.033,1299.033,,,
0425-2-win-2-topview-new,2024-10-03 18:47:35,,/Volumes/Tong Shen/8maze in vivo recording/0425-2/win-2/240718 0425-2 top standardization tagged.mp4,4315.07,30.0,No focal subject,t,,,POINT,1307.2,1307.2,,,
,,,,,,,q,,,,1319.033,,,,
0425-2-win-2-topview-new,2024-10-03 18:47:35,,/Volumes/Tong Shen/8maze in vivo recording/0425-2/win-2/240718 0425-2 top standardization tagged.mp4,4315.07,30.0,No focal subject,g,,,POINT,1319.6,1319.6,,,
0425-2-win-2-topview-new,2024-10-03 18:47:35,,/Volumes/Tong Shen/8maze in vivo recording/0425-2/win-2/240718 0425-2 top standardization tagged.mp4,4315.07,30.0,No focal subject,v,,,POINT,1324.267,1324.267,,,
0425-2-win-2-topview-new,2024-10-03 18:47:35,,/Volumes/Tong Shen/8maze in vivo recording/0425-2/win-2/240718 0425-2 top standardization tagged.mp4,4315.07,30.0,No focal subject,t,,,POINT,1330.733,1330.733,,,
,,,,,,,q,,,,1339.267,,,,
0425-2-win-2-topview-new,2024-10-03 18:47:35,,/Volumes/Tong Shen/8maze in vivo recording/0425-2/win-2/240718 0425-2 top standardization tagged.mp4,4315.07,30.0,No focal subject,g,,,POINT,1340.033,1340.033,,,
0425-2-win-2-topview-new,2024-10-03 18:47:35,,/Volumes/Tong Shen/8maze in vivo recording/0425-2/win-2/240718 0425-2 top standardization tagged.mp4,4315.07,30.0,No focal subject,v,,,POINT,1344.133,1344.133,,,
0425-2-win-2-topview-new,2024-10-03 18:47:35,,/Volumes/Tong Shen/8maze in vivo recording/0425-2/win-2/240718 0425-2 top standardization tagged.mp4,4315.07,30.0,No focal subject,t,,,POINT,1418.767,1418.767,,,
,,,,,,,q,,,,1447.333,,,,
0425-2-win-2-topview-new,2024-10-03 18:47:35,,/Volumes/Tong Shen/8maze in vivo recording/0425-2/win-2/240718 0425-2 top standardization tagged.mp4,4315.07,30.0,No focal subject,g,,,POINT,1456.667,1456.667,,,
0425-2-win-2-topview-new,2024-10-03 18:47:35,,/Volumes/Tong Shen/8maze in vivo recording/0425-2/win-2/240718 0425-2 top standardization tagged.mp4,4315.07,30.0,No focal subject,v,,,POINT,1459.567,1459.567,,,
0425-2-win-2-topview-new,2024-10-03 18:47:35,,/Volumes/Tong Shen/8maze in vivo recording/0425-2/win-2/240718 0425-2 top standardization tagged.mp4,4315.07,30.0,No focal subject,t,,,POINT,1467.433,1467.433,,,
0425-2-win-2-topview-new,2024-10-03 18:47:35,,/Volumes/Tong Shen/8maze in vivo recording/0425-2/win-2/240718 0425-2 top standardization tagged.mp4,4315.07,30.0,No focal subject,E,,,STATE,1545.1,1576.467,31.367,,
0425-2-win-2-topview-new,2024-10-03 18:47:35,,/Volumes/Tong Shen/8maze in vivo recording/0425-2/win-2/240718 0425-2 top standardization tagged.mp4,4315.07,30.0,No focal subject,E,,,STATE,1643.267,1666.3,23.033,,
0425-2-win-2-topview-new,2024-10-03 18:47:35,,/Volumes/Tong Shen/8maze in vivo recording/0425-2/win-2/240718 0425-2 top standardization tagged.mp4,4315.07,30.0,No focal subject,E,,,STATE,1677.0,1702.433,25.433,,
0425-2-win-2-topview-new,2024-10-03 18:47:35,,/Volumes/Tong Shen/8maze in vivo recording/0425-2/win-2/240718 0425-2 top standardization tagged.mp4,4315.07,30.0,No focal subject,E,,,STATE,1726.3,1731.467,5.167,,
0425-2-win-2-topview-new,2024-10-03 18:47:35,,/Volumes/Tong Shen/8maze in vivo recording/0425-2/win-2/240718 0425-2 top standardization tagged.mp4,4315.07,30.0,No focal subject,E,,,STATE,1745.0,1762.4,17.4,,
,,,,,,,q,,,,1788.967,,,,
0425-2-win-2-topview-new,2024-10-03 18:47:35,,/Volumes/Tong Shen/8maze in vivo recording/0425-2/win-2/240718 0425-2 top standardization tagged.mp4,4315.07,30.0,No focal subject,g,,,POINT,1790.033,1790.033,,,
0425-2-win-2-topview-new,2024-10-03 18:47:35,,/Volumes/Tong Shen/8maze in vivo recording/0425-2/win-2/240718 0425-2 top standardization tagged.mp4,4315.07,30.0,No focal subject,v,,,POINT,1795.033,1795.033,,,
0425-2-win-2-topview-new,2024-10-03 18:47:35,,/Volumes/Tong Shen/8maze in vivo recording/0425-2/win-2/240718 0425-2 top standardization tagged.mp4,4315.07,30.0,No focal subject,t,,,POINT,1801.267,1801.267,,,
,,,,,,,q,,,,1844.3,,,,
0425-2-win-2-topview-new,2024-10-03 18:47:35,,/Volumes/Tong Shen/8maze in vivo recording/0425-2/win-2/240718 0425-2 top standardization tagged.mp4,4315.07,30.0,No focal subject,g,,,POINT,1845.267,1845.267,,,
0425-2-win-2-topview-new,2024-10-03 18:47:35,,/Volumes/Tong Shen/8maze in vivo recording/0425-2/win-2/240718 0425-2 top standardization tagged.mp4,4315.07,30.0,No focal subject,v,,,POINT,1851.6,1851.6,,,
0425-2-win-2-topview-new,2024-10-03 18:47:35,,/Volumes/Tong Shen/8maze in vivo recording/0425-2/win-2/240718 0425-2 top standardization tagged.mp4,4315.07,30.0,No focal subject,t,,,POINT,1875.267,1875.267,,,
,,,,,,,i,,,,1892.333,,,,
0425-2-win-2-topview-new,2024-10-03 18:47:35,,/Volumes/Tong Shen/8maze in vivo recording/0425-2/win-2/240718 0425-2 top standardization tagged.mp4,4315.07,30.0,No focal subject,E,,,STATE,1902.567,1912.167,9.6,,
0425-2-win-2-topview-new,2024-10-03 18:47:35,,/Volumes/Tong Shen/8maze in vivo recording/0425-2/win-2/240718 0425-2 top standardization tagged.mp4,4315.07,30.0,No focal subject,E,,,STATE,1947.6,1980.867,33.267,,
0425-2-win-2-topview-new,2024-10-03 18:47:35,,/Volumes/Tong Shen/8maze in vivo recording/0425-2/win-2/240718 0425-2 top standardization tagged.mp4,4315.07,30.0,No focal subject,E,,,STATE,1984.033,2012.167,28.134,,
0425-2-win-2-topview-new,2024-10-03 18:47:35,,/Volumes/Tong Shen/8maze in vivo recording/0425-2/win-2/240718 0425-2 top standardization tagged.mp4,4315.07,30.0,No focal subject,w,,,POINT,1997.5,1997.5,,,
0425-2-win-2-topview-new,2024-10-03 18:47:35,,/Volumes/Tong Shen/8maze in vivo recording/0425-2/win-2/240718 0425-2 top standardization tagged.mp4,4315.07,30.0,No focal subject,c,,,POINT,2013.0,2013.0,,,
0425-2-win-2-topview-new,2024-10-03 18:47:35,,/Volumes/Tong Shen/8maze in vivo recording/0425-2/win-2/240718 0425-2 top standardization tagged.mp4,4315.07,30.0,No focal subject,t,,,POINT,2023.933,2023.933,,,
0425-2-win-2-topview-new,2024-10-03 18:47:35,,/Volumes/Tong Shen/8maze in vivo recording/0425-2/win-2/240718 0425-2 top standardization tagged.mp4,4315.07,30.0,No focal subject,E,,,STATE,2038.767,2070.367,31.6,,
0425-2-win-2-topview-new,2024-10-03 18:47:35,,/Volumes/Tong Shen/8maze in vivo recording/0425-2/win-2/240718 0425-2 top standardization tagged.mp4,4315.07,30.0,No focal subject,E,,,STATE,2080.867,2108.267,27.4,,
,,,,,,,i,,,,2099.333,,,,
0425-2-win-2-topview-new,2024-10-03 18:47:35,,/Volumes/Tong Shen/8maze in vivo recording/0425-2/win-2/240718 0425-2 top standardization tagged.mp4,4315.07,30.0,No focal subject,w,,,POINT,2099.933,2099.933,,,
0425-2-win-2-topview-new,2024-10-03 18:47:35,,/Volumes/Tong Shen/8maze in vivo recording/0425-2/win-2/240718 0425-2 top standardization tagged.mp4,4315.07,30.0,No focal subject,E,,,STATE,2112.267,2132.733,20.466,,
0425-2-win-2-topview-new,2024-10-03 18:47:35,,/Volumes/Tong Shen/8maze in vivo recording/0425-2/win-2/240718 0425-2 top standardization tagged.mp4,4315.07,30.0,No focal subject,c,,,POINT,2131.8,2131.8,,,
0425-2-win-2-topview-new,2024-10-03 18:47:35,,/Volumes/Tong Shen/8maze in vivo recording/0425-2/win-2/240718 0425-2 top standardization tagged.mp4,4315.07,30.0,No focal subject,t,,,POINT,2157.6,2157.6,,,
,,,,,,,q,,,,2175.1,,,,
0425-2-win-2-topview-new,2024-10-03 18:47:35,,/Volumes/Tong Shen/8maze in vivo recording/0425-2/win-2/240718 0425-2 top standardization tagged.mp4,4315.07,30.0,No focal subject,g,,,POINT,2175.767,2175.767,,,
0425-2-win-2-topview-new,2024-10-03 18:47:35,,/Volumes/Tong Shen/8maze in vivo recording/0425-2/win-2/240718 0425-2 top standardization tagged.mp4,4315.07,30.0,No focal subject,v,,,POINT,2178.433,2178.433,,,
0425-2-win-2-topview-new,2024-10-03 18:47:35,,/Volumes/Tong Shen/8maze in vivo recording/0425-2/win-2/240718 0425-2 top standardization tagged.mp4,4315.07,30.0,No focal subject,t,,,POINT,2184.167,2184.167,,,
0425-2-win-2-topview-new,2024-10-03 18:47:35,,/Volumes/Tong Shen/8maze in vivo recording/0425-2/win-2/240718 0425-2 top standardization tagged.mp4,4315.07,30.0,No focal subject,E,,,STATE,2190.9,2201.167,10.267,,
,,,,,,,q,,,,2218.9,,,,
0425-2-win-2-topview-new,2024-10-03 18:47:35,,/Volumes/Tong Shen/8maze in vivo recording/0425-2/win-2/240718 0425-2 top standardization tagged.mp4,4315.07,30.0,No focal subject,g,,,POINT,2219.3,2219.3,,,
0425-2-win-2-topview-new,2024-10-03 18:47:35,,/Volumes/Tong Shen/8maze in vivo recording/0425-2/win-2/240718 0425-2 top standardization tagged.mp4,4315.07,30.0,No focal subject,v,,,POINT,2222.2,2222.2,,,
0425-2-win-2-topview-new,2024-10-03 18:47:35,,/Volumes/Tong Shen/8maze in vivo recording/0425-2/win-2/240718 0425-2 top standardization tagged.mp4,4315.07,30.0,No focal subject,t,,,POINT,2269.667,2269.667,,,
,,,,,,,i,,,,2278.233,,,,
0425-2-win-2-topview-new,2024-10-03 18:47:35,,/Volumes/Tong Shen/8maze in vivo recording/0425-2/win-2/240718 0425-2 top standardization tagged.mp4,4315.07,30.0,No focal subject,w,,,POINT,2278.633,2278.633,,,
0425-2-win-2-topview-new,2024-10-03 18:47:35,,/Volumes/Tong Shen/8maze in vivo recording/0425-2/win-2/240718 0425-2 top standardization tagged.mp4,4315.07,30.0,No focal subject,E,,,STATE,2281.5,2303.9,22.4,,
0425-2-win-2-topview-new,2024-10-03 18:47:35,,/Volumes/Tong Shen/8maze in vivo recording/0425-2/win-2/240718 0425-2 top standardization tagged.mp4,4315.07,30.0,No focal subject,c,,,POINT,2303.067,2303.067,,,
0425-2-win-2-topview-new,2024-10-03 18:47:35,,/Volumes/Tong Shen/8maze in vivo recording/0425-2/win-2/240718 0425-2 top standardization tagged.mp4,4315.07,30.0,No focal subject,t,,,POINT,2342.267,2342.267,,,
0425-2-win-2-topview-new,2024-10-03 18:47:35,,/Volumes/Tong Shen/8maze in vivo recording/0425-2/win-2/240718 0425-2 top standardization tagged.mp4,4315.07,30.0,No focal subject,E,,,STATE,2494.567,2508.667,14.1,,
,,,,,,,q,,,,2506.0,,,,
0425-2-win-2-topview-new,2024-10-03 18:47:35,,/Volumes/Tong Shen/8maze in vivo recording/0425-2/win-2/240718 0425-2 top standardization tagged.mp4,4315.07,30.0,No focal subject,g,,,POINT,2506.867,2506.867,,,
0425-2-win-2-topview-new,2024-10-03 18:47:35,,/Volumes/Tong Shen/8maze in vivo recording/0425-2/win-2/240718 0425-2 top standardization tagged.mp4,4315.07,30.0,No focal subject,v,,,POINT,2519.6,2519.6,,,
0425-2-win-2-topview-new,2024-10-03 18:47:35,,/Volumes/Tong Shen/8maze in vivo recording/0425-2/win-2/240718 0425-2 top standardization tagged.mp4,4315.07,30.0,No focal subject,t,,,POINT,2528.0,2528.0,,,
0425-2-win-2-topview-new,2024-10-03 18:47:35,,/Volumes/Tong Shen/8maze in vivo recording/0425-2/win-2/240718 0425-2 top standardization tagged.mp4,4315.07,30.0,No focal subject,E,,,STATE,2575.633,2604.133,28.5,,
0425-2-win-2-topview-new,2024-10-03 18:47:35,,/Volumes/Tong Shen/8maze in vivo recording/0425-2/win-2/240718 0425-2 top standardization tagged.mp4,4315.07,30.0,No focal subject,E,,,STATE,2632.767,2662.233,29.466,,
,,,,,,,i,,,,2689.4,,,,
0425-2-win-2-topview-new,2024-10-03 18:47:35,,/Volumes/Tong Shen/8maze in vivo recording/0425-2/win-2/240718 0425-2 top standardization tagged.mp4,4315.07,30.0,No focal subject,E,,,STATE,2697.2,2728.767,31.567,,
0425-2-win-2-topview-new,2024-10-03 18:47:35,,/Volumes/Tong Shen/8maze in vivo recording/0425-2/win-2/240718 0425-2 top standardization tagged.mp4,4315.07,30.0,No focal subject,w,,,POINT,2704.9,2704.9,,,
0425-2-win-2-topview-new,2024-10-03 18:47:35,,/Volumes/Tong Shen/8maze in vivo recording/0425-2/win-2/240718 0425-2 top standardization tagged.mp4,4315.07,30.0,No focal subject,c,,,POINT,2729.2,2729.2,,,
0425-2-win-2-topview-new,2024-10-03 18:47:35,,/Volumes/Tong Shen/8maze in vivo recording/0425-2/win-2/240718 0425-2 top standardization tagged.mp4,4315.07,30.0,No focal subject,t,,,POINT,2769.6,2769.6,,,
0425-2-win-2-topview-new,2024-10-03 18:47:35,,/Volumes/Tong Shen/8maze in vivo recording/0425-2/win-2/240718 0425-2 top standardization tagged.mp4,4315.07,30.0,No focal subject,E,,,STATE,2825.0,2833.667,8.667,,
0425-2-win-2-topview-new,2024-10-03 18:47:35,,/Volumes/Tong Shen/8maze in vivo recording/0425-2/win-2/240718 0425-2 top standardization tagged.mp4,4315.07,30.0,No focal subject,E,,,STATE,2837.467,2855.167,17.7,,
,,,,,,,i,,,,2866.6,,,,
0425-2-win-2-topview-new,2024-10-03 18:47:35,,/Volumes/Tong Shen/8maze in vivo recording/0425-2/win-2/240718 0425-2 top standardization tagged.mp4,4315.07,30.0,No focal subject,w,,,POINT,2921.033,2921.033,,,
0425-2-win-2-topview-new,2024-10-03 18:47:35,,/Volumes/Tong Shen/8maze in vivo recording/0425-2/win-2/240718 0425-2 top standardization tagged.mp4,4315.07,30.0,No focal subject,E,,,STATE,2927.867,2953.3,25.433,,
0425-2-win-2-topview-new,2024-10-03 18:47:35,,/Volumes/Tong Shen/8maze in vivo recording/0425-2/win-2/240718 0425-2 top standardization tagged.mp4,4315.07,30.0,No focal subject,c,,,POINT,2951.967,2951.967,,,
0425-2-win-2-topview-new,2024-10-03 18:47:35,,/Volumes/Tong Shen/8maze in vivo recording/0425-2/win-2/240718 0425-2 top standardization tagged.mp4,4315.07,30.0,No focal subject,t,,,POINT,3037.333,3037.333,,,
,,,,,,,i,,,,3045.5,,,,
0425-2-win-2-topview-new,2024-10-03 18:47:35,,/Volumes/Tong Shen/8maze in vivo recording/0425-2/win-2/240718 0425-2 top standardization tagged.mp4,4315.07,30.0,No focal subject,E,,,STATE,3050.167,3056.4,6.233,,
0425-2-win-2-topview-new,2024-10-03 18:47:35,,/Volumes/Tong Shen/8maze in vivo recording/0425-2/win-2/240718 0425-2 top standardization tagged.mp4,4315.07,30.0,No focal subject,w,,,POINT,3061.667,3061.667,,,
0425-2-win-2-topview-new,2024-10-03 18:47:35,,/Volumes/Tong Shen/8maze in vivo recording/0425-2/win-2/240718 0425-2 top standardization tagged.mp4,4315.07,30.0,No focal subject,E,,,STATE,3066.033,3075.967,9.934,,
0425-2-win-2-topview-new,2024-10-03 18:47:35,,/Volumes/Tong Shen/8maze in vivo recording/0425-2/win-2/240718 0425-2 top standardization tagged.mp4,4315.07,30.0,No focal subject,c,,,POINT,3075.167,3075.167,,,
0425-2-win-2-topview-new,2024-10-03 18:47:35,,/Volumes/Tong Shen/8maze in vivo recording/0425-2/win-2/240718 0425-2 top standardization tagged.mp4,4315.07,30.0,No focal subject,t,,,POINT,3125.367,3125.367,,,
0425-2-win-2-topview-new,2024-10-03 18:47:35,,/Volumes/Tong Shen/8maze in vivo recording/0425-2/win-2/240718 0425-2 top standardization tagged.mp4,4315.07,30.0,No focal subject,E,,,STATE,3134.667,3153.133,18.466,,
,,,,,,,i,,,,3154.6,,,,
0425-2-win-2-topview-new,2024-10-03 18:47:35,,/Volumes/Tong Shen/8maze in vivo recording/0425-2/win-2/240718 0425-2 top standardization tagged.mp4,4315.07,30.0,No focal subject,w,,,POINT,3155.333,3155.333,,,
0425-2-win-2-topview-new,2024-10-03 18:47:35,,/Volumes/Tong Shen/8maze in vivo recording/0425-2/win-2/240718 0425-2 top standardization tagged.mp4,4315.07,30.0,No focal subject,E,,,STATE,3159.867,3165.767,5.9,,
0425-2-win-2-topview-new,2024-10-03 18:47:35,,/Volumes/Tong Shen/8maze in vivo recording/0425-2/win-2/240718 0425-2 top standardization tagged.mp4,4315.07,30.0,No focal subject,c,,,POINT,3166.9,3166.9,,,
0425-2-win-2-topview-new,2024-10-03 18:47:35,,/Volumes/Tong Shen/8maze in vivo recording/0425-2/win-2/240718 0425-2 top standardization tagged.mp4,4315.07,30.0,No focal subject,t,,,POINT,3198.2,3198.2,,,
,,,,,,,i,,,,3206.533,,,,
0425-2-win-2-topview-new,2024-10-03 18:47:35,,/Volumes/Tong Shen/8maze in vivo recording/0425-2/win-2/240718 0425-2 top standardization tagged.mp4,4315.07,30.0,No focal subject,w,,,POINT,3207.4,3207.4,,,
0425-2-win-2-topview-new,2024-10-03 18:47:35,,/Volumes/Tong Shen/8maze in vivo recording/0425-2/win-2/240718 0425-2 top standardization tagged.mp4,4315.07,30.0,No focal subject,E,,,STATE,3214.367,3227.1,12.733,,
0425-2-win-2-topview-new,2024-10-03 18:47:35,,/Volumes/Tong Shen/8maze in vivo recording/0425-2/win-2/240718 0425-2 top standardization tagged.mp4,4315.07,30.0,No focal subject,c,,,POINT,3226.933,3226.933,,,
0425-2-win-2-topview-new,2024-10-03 18:47:35,,/Volumes/Tong Shen/8maze in vivo recording/0425-2/win-2/240718 0425-2 top standardization tagged.mp4,4315.07,30.0,No focal subject,t,,,POINT,3248.867,3248.867,,,
0425-2-win-2-topview-new,2024-10-03 18:47:35,,/Volumes/Tong Shen/8maze in vivo recording/0425-2/win-2/240718 0425-2 top standardization tagged.mp4,4315.07,30.0,No focal subject,E,,,STATE,3262.4,3272.333,9.933,,
0425-2-win-2-topview-new,2024-10-03 18:47:35,,/Volumes/Tong Shen/8maze in vivo recording/0425-2/win-2/240718 0425-2 top standardization tagged.mp4,4315.07,30.0,No focal subject,E,,,STATE,3349.4,3356.933,7.533,,
,,,,,,,q,,,,3378.933,,,,
0425-2-win-2-topview-new,2024-10-03 18:47:35,,/Volumes/Tong Shen/8maze in vivo recording/0425-2/win-2/240718 0425-2 top standardization tagged.mp4,4315.07,30.0,No focal subject,g,,,POINT,3379.833,3379.833,,,
0425-2-win-2-topview-new,2024-10-03 18:47:35,,/Volumes/Tong Shen/8maze in vivo recording/0425-2/win-2/240718 0425-2 top standardization tagged.mp4,4315.07,30.0,No focal subject,v,,,POINT,3382.367,3382.367,,,
0425-2-win-2-topview-new,2024-10-03 18:47:35,,/Volumes/Tong Shen/8maze in vivo recording/0425-2/win-2/240718 0425-2 top standardization tagged.mp4,4315.07,30.0,No focal subject,t,,,POINT,3412.733,3412.733,,,
,,,,,,,q,,,,3466.2,,,,
0425-2-win-2-topview-new,2024-10-03 18:47:35,,/Volumes/Tong Shen/8maze in vivo recording/0425-2/win-2/240718 0425-2 top standardization tagged.mp4,4315.07,30.0,No focal subject,g,,,POINT,3470.267,3470.267,,,
0425-2-win-2-topview-new,2024-10-03 18:47:35,,/Volumes/Tong Shen/8maze in vivo recording/0425-2/win-2/240718 0425-2 top standardization tagged.mp4,4315.07,30.0,No focal subject,v,,,POINT,3476.567,3476.567,,,
0425-2-win-2-topview-new,2024-10-03 18:47:35,,/Volumes/Tong Shen/8maze in vivo recording/0425-2/win-2/240718 0425-2 top standardization tagged.mp4,4315.07,30.0,No focal subject,t,,,POINT,3486.0,3486.0,,,
,,,,,,,i,,,,3511.767,,,,
0425-2-win-2-topview-new,2024-10-03 18:47:35,,/Volumes/Tong Shen/8maze in vivo recording/0425-2/win-2/240718 0425-2 top standardization tagged.mp4,4315.07,30.0,No focal subject,w,,,POINT,3512.8,3512.8,,,
0425-2-win-2-topview-new,2024-10-03 18:47:35,,/Volumes/Tong Shen/8maze in vivo recording/0425-2/win-2/240718 0425-2 top standardization tagged.mp4,4315.07,30.0,No focal subject,E,,,STATE,3517.0,3537.367,20.367,,
0425-2-win-2-topview-new,2024-10-03 18:47:35,,/Volumes/Tong Shen/8maze in vivo recording/0425-2/win-2/240718 0425-2 top standardization tagged.mp4,4315.07,30.0,No focal subject,c,,,POINT,3536.967,3536.967,,,
0425-2-win-2-topview-new,2024-10-03 18:47:35,,/Volumes/Tong Shen/8maze in vivo recording/0425-2/win-2/240718 0425-2 top standardization tagged.mp4,4315.07,30.0,No focal subject,t,,,POINT,3599.933,3599.933,,,
,,,,,,,q,,,,3601.7,,,,
0425-2-win-2-topview-new,2024-10-03 18:47:35,,/Volumes/Tong Shen/8maze in vivo recording/0425-2/win-2/240718 0425-2 top standardization tagged.mp4,4315.07,30.0,No focal subject,g,,,POINT,3601.9,3601.9,,,
0425-2-win-2-topview-new,2024-10-03 18:47:35,,/Volumes/Tong Shen/8maze in vivo recording/0425-2/win-2/240718 0425-2 top standardization tagged.mp4,4315.07,30.0,No focal subject,v,,,POINT,3604.333,3604.333,,,
0425-2-win-2-topview-new,2024-10-03 18:47:35,,/Volumes/Tong Shen/8maze in vivo recording/0425-2/win-2/240718 0425-2 top standardization tagged.mp4,4315.07,30.0,No focal subject,t,,,POINT,3637.233,3637.233,,,
0425-2-win-2-topview-new,2024-10-03 18:47:35,,/Volumes/Tong Shen/8maze in vivo recording/0425-2/win-2/240718 0425-2 top standardization tagged.mp4,4315.07,30.0,No focal subject,E,,,STATE,3646.5,3684.667,38.167,,
,,,,,,,i,,,,3655.533,,,,
0425-2-win-2-topview-new,2024-10-03 18:47:35,,/Volumes/Tong Shen/8maze in vivo recording/0425-2/win-2/240718 0425-2 top standardization tagged.mp4,4315.07,30.0,No focal subject,w,,,POINT,3655.8,3655.8,,,
0425-2-win-2-topview-new,2024-10-03 18:47:35,,/Volumes/Tong Shen/8maze in vivo recording/0425-2/win-2/240718 0425-2 top standardization tagged.mp4,4315.07,30.0,No focal subject,c,,,POINT,3684.4,3684.4,,,
0425-2-win-2-topview-new,2024-10-03 18:47:35,,/Volumes/Tong Shen/8maze in vivo recording/0425-2/win-2/240718 0425-2 top standardization tagged.mp4,4315.07,30.0,No focal subject,t,,,POINT,3702.867,3702.867,,,
,,,,,,,i,,,,3703.733,,,,
0425-2-win-2-topview-new,2024-10-03 18:47:35,,/Volumes/Tong Shen/8maze in vivo recording/0425-2/win-2/240718 0425-2 top standardization tagged.mp4,4315.07,30.0,No focal subject,E,,,STATE,3714.467,3776.2,61.733,,
0425-2-win-2-topview-new,2024-10-03 18:47:35,,/Volumes/Tong Shen/8maze in vivo recording/0425-2/win-2/240718 0425-2 top standardization tagged.mp4,4315.07,30.0,No focal subject,w,,,POINT,3754.7,3754.7,,,
0425-2-win-2-topview-new,2024-10-03 18:47:35,,/Volumes/Tong Shen/8maze in vivo recording/0425-2/win-2/240718 0425-2 top standardization tagged.mp4,4315.07,30.0,No focal subject,c,,,POINT,3776.3,3776.3,,,
0425-2-win-2-topview-new,2024-10-03 18:47:35,,/Volumes/Tong Shen/8maze in vivo recording/0425-2/win-2/240718 0425-2 top standardization tagged.mp4,4315.07,30.0,No focal subject,t,,,POINT,3825.633,3825.633,,,
,,,,,,,i,,,,3834.267,,,,
0425-2-win-2-topview-new,2024-10-03 18:47:35,,/Volumes/Tong Shen/8maze in vivo recording/0425-2/win-2/240718 0425-2 top standardization tagged.mp4,4315.07,30.0,No focal subject,w,,,POINT,3834.633,3834.633,,,
0425-2-win-2-topview-new,2024-10-03 18:47:35,,/Volumes/Tong Shen/8maze in vivo recording/0425-2/win-2/240718 0425-2 top standardization tagged.mp4,4315.07,30.0,No focal subject,E,,,STATE,3834.7,3852.333,17.633,,
0425-2-win-2-topview-new,2024-10-03 18:47:35,,/Volumes/Tong Shen/8maze in vivo recording/0425-2/win-2/240718 0425-2 top standardization tagged.mp4,4315.07,30.0,No focal subject,c,,,POINT,3852.3,3852.3,,,
0425-2-win-2-topview-new,2024-10-03 18:47:35,,/Volumes/Tong Shen/8maze in vivo recording/0425-2/win-2/240718 0425-2 top standardization tagged.mp4,4315.07,30.0,No focal subject,t,,,POINT,3907.633,3907.633,,,
,,,,,,,q,,,,3916.0,,,,
0425-2-win-2-topview-new,2024-10-03 18:47:35,,/Volumes/Tong Shen/8maze in vivo recording/0425-2/win-2/240718 0425-2 top standardization tagged.mp4,4315.07,30.0,No focal subject,g,,,POINT,3916.333,3916.333,,,
0425-2-win-2-topview-new,2024-10-03 18:47:35,,/Volumes/Tong Shen/8maze in vivo recording/0425-2/win-2/240718 0425-2 top standardization tagged.mp4,4315.07,30.0,No focal subject,v,,,POINT,3919.6,3919.6,,,
0425-2-win-2-topview-new,2024-10-03 18:47:35,,/Volumes/Tong Shen/8maze in vivo recording/0425-2/win-2/240718 0425-2 top standardization tagged.mp4,4315.07,30.0,No focal subject,t,,,POINT,3926.533,3926.533,,,
0425-2-win-2-topview-new,2024-10-03 18:47:35,,/Volumes/Tong Shen/8maze in vivo recording/0425-2/win-2/240718 0425-2 top standardization tagged.mp4,4315.07,30.0,No focal subject,E,,,STATE,3935.0,3958.667,23.667,,
0425-2-win-2-topview-new,2024-10-03 18:47:35,,/Volumes/Tong Shen/8maze in vivo recording/0425-2/win-2/240718 0425-2 top standardization tagged.mp4,4315.07,30.0,No focal subject,E,,,STATE,3961.767,3983.167,21.4,,
,,,,,,,i,,,,3962.4,,,,
0425-2-win-2-topview-new,2024-10-03 18:47:35,,/Volumes/Tong Shen/8maze in vivo recording/0425-2/win-2/240718 0425-2 top standardization tagged.mp4,4315.07,30.0,No focal subject,w,,,POINT,3973.467,3973.467,,,
0425-2-win-2-topview-new,2024-10-03 18:47:35,,/Volumes/Tong Shen/8maze in vivo recording/0425-2/win-2/240718 0425-2 top standardization tagged.mp4,4315.07,30.0,No focal subject,c,,,POINT,3982.833,3982.833,,,
0425-2-win-2-topview-new,2024-10-03 18:47:35,,/Volumes/Tong Shen/8maze in vivo recording/0425-2/win-2/240718 0425-2 top standardization tagged.mp4,4315.07,30.0,No focal subject,t,,,POINT,4009.133,4009.133,,,
,,,,,,,i,,,,4009.633,,,,
0425-2-win-2-topview-new,2024-10-03 18:47:35,,/Volumes/Tong Shen/8maze in vivo recording/0425-2/win-2/240718 0425-2 top standardization tagged.mp4,4315.07,30.0,No focal subject,E,,,STATE,4015.3,4034.167,18.867,,
0425-2-win-2-topview-new,2024-10-03 18:47:35,,/Volumes/Tong Shen/8maze in vivo recording/0425-2/win-2/240718 0425-2 top standardization tagged.mp4,4315.07,30.0,No focal subject,w,,,POINT,4022.3,4022.3,,,
0425-2-win-2-topview-new,2024-10-03 18:47:35,,/Volumes/Tong Shen/8maze in vivo recording/0425-2/win-2/240718 0425-2 top standardization tagged.mp4,4315.07,30.0,No focal subject,c,,,POINT,4033.867,4033.867,,,
0425-2-win-2-topview-new,2024-10-03 18:47:35,,/Volumes/Tong Shen/8maze in vivo recording/0425-2/win-2/240718 0425-2 top standardization tagged.mp4,4315.07,30.0,No focal subject,t,,,POINT,4071.967,4071.967,,,
,,,,,,,i,,,,4072.767,,,,
0425-2-win-2-topview-new,2024-10-03 18:47:35,,/Volumes/Tong Shen/8maze in vivo recording/0425-2/win-2/240718 0425-2 top standardization tagged.mp4,4315.07,30.0,No focal subject,w,,,POINT,4073.1,4073.1,,,
0425-2-win-2-topview-new,2024-10-03 18:47:35,,/Volumes/Tong Shen/8maze in vivo recording/0425-2/win-2/240718 0425-2 top standardization tagged.mp4,4315.07,30.0,No focal subject,E,,,STATE,4076.067,4099.1,23.033,,
0425-2-win-2-topview-new,2024-10-03 18:47:35,,/Volumes/Tong Shen/8maze in vivo recording/0425-2/win-2/240718 0425-2 top standardization tagged.mp4,4315.07,30.0,No focal subject,c,,,POINT,4099.133,4099.133,,,
0425-2-win-2-topview-new,2024-10-03 18:47:35,,/Volumes/Tong Shen/8maze in vivo recording/0425-2/win-2/240718 0425-2 top standardization tagged.mp4,4315.07,30.0,No focal subject,t,,,POINT,4121.467,4121.467,,,
0425-2-win-2-topview-new,2024-10-03 18:47:35,,/Volumes/Tong Shen/8maze in vivo recording/0425-2/win-2/240718 0425-2 top standardization tagged.mp4,4315.07,30.0,No focal subject,E,,,STATE,4126.433,4161.8,35.367,,
,,,,,,,q,,,,4161.133,,,,
0425-2-win-2-topview-new,2024-10-03 18:47:35,,/Volumes/Tong Shen/8maze in vivo recording/0425-2/win-2/240718 0425-2 top standardization tagged.mp4,4315.07,30.0,No focal subject,g,,,POINT,4194.667,4194.667,,,
0425-2-win-2-topview-new,2024-10-03 18:47:35,,/Volumes/Tong Shen/8maze in vivo recording/0425-2/win-2/240718 0425-2 top standardization tagged.mp4,4315.07,30.0,No focal subject,v,,,POINT,4196.7,4196.7,,,
0425-2-win-2-topview-new,2024-10-03 18:47:35,,/Volumes/Tong Shen/8maze in vivo recording/0425-2/win-2/240718 0425-2 top standardization tagged.mp4,4315.07,30.0,No focal subject,t,,,POINT,4207.7,4207.7,,,
0425-2-win-2-topview-new,2024-10-03 18:47:35,,/Volumes/Tong Shen/8maze in vivo recording/0425-2/win-2/240718 0425-2 top standardization tagged.mp4,4315.07,30.0,No focal subject,E,,,STATE,4211.9,4229.9,18.0,,
0425-2-win-2-topview-new,2024-10-03 18:47:35,,/Volumes/Tong Shen/8maze in vivo recording/0425-2/win-2/240718 0425-2 top standardization tagged.mp4,4315.07,30.0,No focal subject,E,,,STATE,4256.533,4277.4,20.867,,
,,,,,,,i,,,,4256.8,,,,
0425-2-win-2-topview-new,2024-10-03 18:47:35,,/Volumes/Tong Shen/8maze in vivo recording/0425-2/win-2/240718 0425-2 top standardization tagged.mp4,4315.07,30.0,No focal subject,w,,,POINT,4257.233,4257.233,,,
0425-2-win-2-topview-new,2024-10-03 18:47:35,,/Volumes/Tong Shen/8maze in vivo recording/0425-2/win-2/240718 0425-2 top standardization tagged.mp4,4315.07,30.0,No focal subject,c,,,POINT,4277.867,4277.867,,,
0425-2-win-2-topview-new,2024-10-03 18:47:35,,/Volumes/Tong Shen/8maze in vivo recording/0425-2/win-2/240718 0425-2 top standardization tagged.mp4,4315.07,30.0,No focal subject,t,,,POINT,4315.033,4315.033,,,
